id	first_name	last_name	email	gender	ip_address
1	Herschel	Lowton	hlowton0@miitbeian.gov.cn	Male	220.139.221.251
2	Sadye	Puttergill	sputtergill1@mediafire.com	Female	5.251.156.135
3	Mendy	Chene	mchene2@google.pl	Male	137.17.234.18
4	Carmita	Clabburn	cclabburn3@blog.com	Female	70.29.213.6
5	Clark	Reinert	creinert4@baidu.com	Male	68.26.19.104
6	Doy	Giveen	dgiveen5@europa.eu	Male	120.81.226.41
7	Misti	Romain	mromain6@senate.gov	Female	48.73.30.106
8	Filberto	Vial	fvial7@twitter.com	Male	102.22.1.42
9	Latisha	Castello	lcastello8@uol.com.br	Female	10.169.80.51
10	Eberto	Mohan	emohan9@tmall.com	Male	69.150.116.250
11	Vincents	Tindall	vtindalla@weibo.com	Male	227.178.191.135
12	Fanchette	St. Paul	fstpaulb@taobao.com	Female	90.29.109.254
13	Kati	Maplethorpe	kmaplethorpec@booking.com	Female	224.175.122.128
14	Tessa	Corneck	tcorneckd@com.com	Female	80.204.220.1
15	Allys	Lissandrini	alissandrinie@ucla.edu	Female	233.131.50.247
16	Verne	Denington	vdeningtonf@scientificamerican.com	Male	157.204.190.7
17	Dominic	Bew	dbewg@tamu.edu	Male	112.27.39.42
18	Morgan	Chadbourn	mchadbournh@sitemeter.com	Female	90.235.74.46
19	Leo	Exall	lexalli@cdbaby.com	Genderfluid	43.221.34.140
20	Hammad	Conrath	hconrathj@ehow.com	Male	53.107.152.192
21	Trent	Michal	tmichalk@eventbrite.com	Male	206.9.96.52
22	Tomi	Merwe	tmerwel@printfriendly.com	Female	152.44.160.149
23	Ginnifer	Volett	gvolettm@eepurl.com	Female	185.246.122.79
24	Nico	Simkovitz	nsimkovitzn@blogtalkradio.com	Male	87.190.189.224
25	Brendin	O' Hanvey	bohanveyo@skyrock.com	Male	152.63.248.154
26	Kirk	Chaudron	kchaudronp@timesonline.co.uk	Male	185.132.71.30
27	Sile	Le Leu	sleleuq@slate.com	Non-binary	154.19.216.135
28	Barton	Gricks	bgricksr@scribd.com	Male	66.30.62.51
29	Ricca	Miner	rminers@digg.com	Female	176.36.76.202
30	Lari	Doughartie	ldoughartiet@jimdo.com	Female	92.242.206.148
31	Thom	Anfossi	tanfossiu@google.ca	Male	49.240.200.96
32	Perice	Frunks	pfrunksv@com.com	Male	111.226.142.89
33	Kiley	Ozanne	kozannew@marriott.com	Male	193.234.117.96
34	Forrester	Figgs	ffiggsx@ebay.com	Male	137.69.174.49
35	Adan	Stockford	astockfordy@cargocollective.com	Male	105.0.68.163
36	Aube	Kerswell	akerswellz@delicious.com	Male	241.68.1.156
37	Brittani	Buttwell	bbuttwell10@guardian.co.uk	Agender	36.40.7.244
38	Hurleigh	Holleworth	hholleworth11@123-reg.co.uk	Male	89.19.195.143
39	Hakim	Rosenschein	hrosenschein12@ft.com	Male	162.96.95.63
40	Lorene	Ragdale	lragdale13@ihg.com	Female	251.207.87.99
41	Jermayne	Chimienti	jchimienti14@newsvine.com	Male	29.216.0.72
42	Zebulen	French	zfrench15@networkadvertising.org	Male	134.215.13.5
43	Alvan	Cortes	acortes16@apple.com	Genderqueer	71.178.240.13
44	Morie	Tomankiewicz	mtomankiewicz17@angelfire.com	Male	169.174.32.34
45	Waneta	Moorwood	wmoorwood18@multiply.com	Agender	79.231.236.66
46	Valle	Greenall	vgreenall19@elegantthemes.com	Male	13.27.243.160
47	Boycey	Beaven	bbeaven1a@washingtonpost.com	Male	205.208.61.145
48	Adrian	Forgan	aforgan1b@bing.com	Male	104.179.118.251
49	Archer	Achurch	aachurch1c@odnoklassniki.ru	Male	46.161.204.198
50	Wilhelm	Sandom	wsandom1d@xinhuanet.com	Male	127.127.209.2
51	Quint	Streeting	qstreeting1e@over-blog.com	Male	78.95.220.51
52	Gregoor	Hastler	ghastler1f@hibu.com	Male	249.221.21.175
53	Barbette	Niave	bniave1g@wikipedia.org	Female	159.70.201.250
54	Theodosia	Hartly	thartly1h@pinterest.com	Female	236.199.15.67
55	Cristy	McBrier	cmcbrier1i@tinypic.com	Female	4.59.37.190
56	Kailey	Coppen	kcoppen1j@google.co.uk	Female	92.2.2.253
57	Benedicto	Pedlow	bpedlow1k@clickbank.net	Male	233.241.138.62
58	Kathi	Bockin	kbockin1l@1688.com	Polygender	225.170.78.6
59	Dyana	Matuszinski	dmatuszinski1m@amazon.co.jp	Female	125.182.106.130
60	Phillipp	Kohler	pkohler1n@privacy.gov.au	Male	230.171.74.163
61	Hyacinthe	Worlock	hworlock1o@rakuten.co.jp	Female	224.201.34.145
62	Myrlene	Elnough	melnough1p@hexun.com	Female	150.75.187.112
63	Erika	Truelock	etruelock1q@goo.ne.jp	Female	85.115.0.155
64	Michal	Jirzik	mjirzik1r@homestead.com	Male	12.232.110.114
65	Nikos	Draude	ndraude1s@wufoo.com	Male	167.215.43.110
66	Debra	Stanyland	dstanyland1t@yellowpages.com	Female	169.209.154.100
67	Arlene	Glassford	aglassford1u@elpais.com	Agender	24.8.161.35
68	Krishna	McLarnon	kmclarnon1v@bbc.co.uk	Male	46.115.4.147
69	Ringo	Blinco	rblinco1w@pagesperso-orange.fr	Male	172.35.176.39
70	Tammie	Longbone	tlongbone1x@ucoz.ru	Female	129.153.138.51
71	Sim	Mettricke	smettricke1y@ning.com	Male	52.204.106.120
72	Jacquetta	Argabrite	jargabrite1z@toplist.cz	Genderqueer	167.133.208.85
73	Fiorenze	Gifkins	fgifkins20@cnbc.com	Female	1.248.47.8
74	Orran	Whitnell	owhitnell21@mlb.com	Male	213.240.12.26
75	Heath	Dominey	hdominey22@paypal.com	Female	55.10.149.42
76	Brook	Sieghard	bsieghard23@cbc.ca	Female	250.92.150.104
77	Addi	Likly	alikly24@wikimedia.org	Female	81.47.4.164
78	Marcie	Pere	mpere25@prnewswire.com	Female	32.244.205.163
79	Callie	Goulder	cgoulder26@webnode.com	Female	0.67.85.174
80	Lexis	Trubshaw	ltrubshaw27@furl.net	Female	54.178.154.17
81	Boothe	Caesar	bcaesar28@google.es	Polygender	214.92.36.243
82	Tommie	Tubritt	ttubritt29@oakley.com	Female	32.218.233.78
83	Elisabet	Bothbie	ebothbie2a@bigcartel.com	Female	252.144.164.234
84	Marion	Valerius	mvalerius2b@networkadvertising.org	Female	164.196.38.233
85	Constance	Raymont	craymont2c@sun.com	Female	214.10.21.26
86	Reese	Hiley	rhiley2d@theglobeandmail.com	Male	70.26.190.95
87	Brucie	Oxlee	boxlee2e@joomla.org	Male	180.26.126.188
88	Reggie	Spellessy	rspellessy2f@reuters.com	Female	145.19.163.52
89	Augusto	Flaonier	aflaonier2g@columbia.edu	Male	137.201.114.22
90	Riva	Hauger	rhauger2h@blinklist.com	Female	89.194.236.127
91	Mayne	Shalcros	mshalcros2i@google.nl	Male	22.88.101.131
92	Yelena	Facer	yfacer2j@list-manage.com	Female	196.214.176.102
93	Weston	Castaner	wcastaner2k@reuters.com	Male	63.160.132.56
94	Pearla	Gillatt	pgillatt2l@accuweather.com	Bigender	41.70.69.228
95	Omero	Sedge	osedge2m@soup.io	Male	70.81.135.47
96	Mohammed	Fadden	mfadden2n@bloomberg.com	Male	25.133.139.235
97	Pansie	Joscelin	pjoscelin2o@hud.gov	Agender	178.61.226.217
98	Olivette	Clemencet	oclemencet2p@bizjournals.com	Female	129.184.17.73
99	Dannie	Toxell	dtoxell2q@businessweek.com	Female	36.6.178.224
100	Krisha	Cavozzi	kcavozzi2r@digg.com	Male	67.137.222.53
